{
  "problem_name": "problem_1a",
  "target_protocol_id": "protocol_3",
  "scratch": {
    "phase_name": "scratch_protocol_3",
    "n_train_samples": 64,
    "used_total_cost": 192.0,
    "used_target_cost": 192.0,
    "final_train_loss": 1.8612206531543052e-06,
    "final_val_loss": 3.049479710170999e-05,
    "best_val_loss": 3.049479710170999e-05,
    "best_step": 500,
    "test_loss": 3.971195837948471e-05
  },
  "pretrain": {
    "phase_name": "pretrain_sources",
    "n_train_samples": 256,
    "used_total_cost": 384.0,
    "used_target_cost": 0.0,
    "final_train_loss": 6.575806764885783e-05,
    "final_val_loss": null,
    "best_val_loss": null,
    "best_step": -1,
    "test_loss": null
  },
  "adapt_after_pretrain": {
    "phase_name": "adapt_protocol_3_after_pretrain",
    "n_train_samples": 64,
    "used_total_cost": 192.0,
    "used_target_cost": 192.0,
    "final_train_loss": 7.664901204407215e-06,
    "final_val_loss": 4.945148975821212e-05,
    "best_val_loss": 4.945148975821212e-05,
    "best_step": 300,
    "test_loss": 8.579680434195325e-05
  },
  "scratch_test_loss": 3.971195837948471e-05,
  "transfer_test_loss": 8.579680434195325e-05,
  "scratch_target_cost": 192.0,
  "transfer_target_cost": 192.0,
  "transfer_total_cost": 576.0,
  "delta_test_loss": 4.6084845962468535e-05,
  "relative_test_loss_ratio": 2.160477796689978
}