{
  "problem_name": "problem_1a",
  "target_protocol_id": "protocol_3",
  "scratch": {
    "phase_name": "scratch_protocol_3",
    "n_train_samples": 64,
    "used_total_cost": 192.0,
    "used_target_cost": 192.0,
    "final_train_loss": 1.9473025076877093e-06,
    "final_val_loss": 5.0788021326297894e-05,
    "best_val_loss": 5.0788021326297894e-05,
    "best_step": 500,
    "test_loss": 5.801251973025501e-05
  },
  "pretrain": {
    "phase_name": "pretrain_sources",
    "n_train_samples": 256,
    "used_total_cost": 384.0,
    "used_target_cost": 0.0,
    "final_train_loss": 9.760091415955685e-06,
    "final_val_loss": null,
    "best_val_loss": null,
    "best_step": -1,
    "test_loss": null
  },
  "adapt_after_pretrain": {
    "phase_name": "adapt_protocol_3_after_pretrain",
    "n_train_samples": 64,
    "used_total_cost": 192.0,
    "used_target_cost": 192.0,
    "final_train_loss": 4.376177457743324e-06,
    "final_val_loss": 5.723499634768814e-05,
    "best_val_loss": 5.723499634768814e-05,
    "best_step": 300,
    "test_loss": 6.93261026754044e-05
  },
  "scratch_test_loss": 5.801251973025501e-05,
  "transfer_test_loss": 6.93261026754044e-05,
  "scratch_target_cost": 192.0,
  "transfer_target_cost": 192.0,
  "transfer_total_cost": 576.0,
  "delta_test_loss": 1.1313582945149392e-05,
  "relative_test_loss_ratio": 1.1950196784720777
}