{
  "problem_name": "problem_1a",
  "target_protocol_id": "protocol_3",
  "scratch": {
    "phase_name": "scratch_protocol_3",
    "n_train_samples": 128,
    "used_total_cost": 384.0,
    "used_target_cost": 384.0,
    "final_train_loss": 1.2347691153991036e-05,
    "final_val_loss": 7.360301970038563e-05,
    "best_val_loss": 7.360301970038563e-05,
    "best_step": 500,
    "test_loss": 2.8658449082286097e-05
  },
  "pretrain": {
    "phase_name": "pretrain_sources",
    "n_train_samples": 256,
    "used_total_cost": 384.0,
    "used_target_cost": 0.0,
    "final_train_loss": 2.1035228201071732e-05,
    "final_val_loss": null,
    "best_val_loss": null,
    "best_step": -1,
    "test_loss": null
  },
  "adapt_after_pretrain": {
    "phase_name": "adapt_protocol_3_after_pretrain",
    "n_train_samples": 128,
    "used_total_cost": 384.0,
    "used_target_cost": 384.0,
    "final_train_loss": 2.0784398657269776e-05,
    "final_val_loss": 4.962313687428832e-05,
    "best_val_loss": 4.962313687428832e-05,
    "best_step": 300,
    "test_loss": 3.1335584935732186e-05
  },
  "scratch_test_loss": 2.8658449082286097e-05,
  "transfer_test_loss": 3.1335584935732186e-05,
  "scratch_target_cost": 384.0,
  "transfer_target_cost": 384.0,
  "transfer_total_cost": 768.0,
  "delta_test_loss": 2.6771358534460887e-06,
  "relative_test_loss_ratio": 1.093415238408726
}