{
  "problem_name": "problem_1a",
  "target_protocol_id": "protocol_3",
  "scratch": {
    "phase_name": "scratch_protocol_3",
    "n_train_samples": 32,
    "used_total_cost": 96.0,
    "used_target_cost": 96.0,
    "final_train_loss": 2.0112820209305937e-07,
    "final_val_loss": 0.00020457772188819945,
    "best_val_loss": 0.00020457772188819945,
    "best_step": 425,
    "test_loss": 0.00016047169629018754
  },
  "pretrain": {
    "phase_name": "pretrain_sources",
    "n_train_samples": 256,
    "used_total_cost": 384.0,
    "used_target_cost": 0.0,
    "final_train_loss": 2.6077803340740502e-05,
    "final_val_loss": null,
    "best_val_loss": null,
    "best_step": -1,
    "test_loss": null
  },
  "adapt_after_pretrain": {
    "phase_name": "adapt_protocol_3_after_pretrain",
    "n_train_samples": 32,
    "used_total_cost": 96.0,
    "used_target_cost": 96.0,
    "final_train_loss": 8.604620234109461e-06,
    "final_val_loss": 7.789626397425309e-05,
    "best_val_loss": 7.789626397425309e-05,
    "best_step": 300,
    "test_loss": 7.777291466481984e-05
  },
  "scratch_test_loss": 0.00016047169629018754,
  "transfer_test_loss": 7.777291466481984e-05,
  "scratch_target_cost": 96.0,
  "transfer_target_cost": 96.0,
  "transfer_total_cost": 480.0,
  "delta_test_loss": -8.26987816253677e-05,
  "relative_test_loss_ratio": 0.48465191347002334
}