{
  "problem_name": "problem_1a",
  "target_protocol_id": "protocol_3",
  "scratch": {
    "phase_name": "scratch_protocol_3",
    "n_train_samples": 16,
    "used_total_cost": 48.0,
    "used_target_cost": 48.0,
    "final_train_loss": 1.99090735009122e-07,
    "final_val_loss": 0.0006564383511431515,
    "best_val_loss": 0.0006564383511431515,
    "best_step": 500,
    "test_loss": 0.0010855516884475946
  },
  "pretrain": {
    "phase_name": "pretrain_sources",
    "n_train_samples": 256,
    "used_total_cost": 384.0,
    "used_target_cost": 0.0,
    "final_train_loss": 1.7389978893334046e-05,
    "final_val_loss": null,
    "best_val_loss": null,
    "best_step": -1,
    "test_loss": null
  },
  "adapt_after_pretrain": {
    "phase_name": "adapt_protocol_3_after_pretrain",
    "n_train_samples": 16,
    "used_total_cost": 48.0,
    "used_target_cost": 48.0,
    "final_train_loss": 2.8929957807122264e-06,
    "final_val_loss": 0.00019668304594233632,
    "best_val_loss": 0.00019668304594233632,
    "best_step": 300,
    "test_loss": 0.0002463033888489008
  },
  "scratch_test_loss": 0.0010855516884475946,
  "transfer_test_loss": 0.0002463033888489008,
  "scratch_target_cost": 48.0,
  "transfer_target_cost": 48.0,
  "transfer_total_cost": 432.0,
  "delta_test_loss": -0.0008392482995986938,
  "relative_test_loss_ratio": 0.22689236401182308
}