{
  "problem_name": "problem_1a",
  "target_protocol_id": "protocol_3",
  "scratch": {
    "phase_name": "scratch_protocol_3",
    "n_train_samples": 16,
    "used_total_cost": 48.0,
    "used_target_cost": 48.0,
    "final_train_loss": 5.197243746479785e-10,
    "final_val_loss": 0.00045437426888383925,
    "best_val_loss": 0.00045437426888383925,
    "best_step": 400,
    "test_loss": 0.0004007121024187654
  },
  "pretrain": {
    "phase_name": "pretrain_sources",
    "n_train_samples": 256,
    "used_total_cost": 384.0,
    "used_target_cost": 0.0,
    "final_train_loss": 9.760091415955685e-06,
    "final_val_loss": null,
    "best_val_loss": null,
    "best_step": -1,
    "test_loss": null
  },
  "adapt_after_pretrain": {
    "phase_name": "adapt_protocol_3_after_pretrain",
    "n_train_samples": 16,
    "used_total_cost": 48.0,
    "used_target_cost": 48.0,
    "final_train_loss": 1.0715609022327044e-07,
    "final_val_loss": 0.00019037733727600425,
    "best_val_loss": 0.00019037733727600425,
    "best_step": 200,
    "test_loss": 0.00020048113947268575
  },
  "scratch_test_loss": 0.0004007121024187654,
  "transfer_test_loss": 0.00020048113947268575,
  "scratch_target_cost": 48.0,
  "transfer_target_cost": 48.0,
  "transfer_total_cost": 432.0,
  "delta_test_loss": -0.00020023096294607967,
  "relative_test_loss_ratio": 0.5003121649247627
}