{
  "problem_name": "problem_1a",
  "target_protocol_id": "protocol_3",
  "scratch": {
    "phase_name": "scratch_protocol_3",
    "n_train_samples": 8,
    "used_total_cost": 24.0,
    "used_target_cost": 24.0,
    "final_train_loss": 1.4037956352908054e-09,
    "final_val_loss": 0.009286918677389622,
    "best_val_loss": 0.009286918677389622,
    "best_step": 75,
    "test_loss": 0.01038617268204689
  },
  "pretrain": {
    "phase_name": "pretrain_sources",
    "n_train_samples": 256,
    "used_total_cost": 384.0,
    "used_target_cost": 0.0,
    "final_train_loss": 9.760091415955685e-06,
    "final_val_loss": null,
    "best_val_loss": null,
    "best_step": -1,
    "test_loss": null
  },
  "adapt_after_pretrain": {
    "phase_name": "adapt_protocol_3_after_pretrain",
    "n_train_samples": 8,
    "used_total_cost": 24.0,
    "used_target_cost": 24.0,
    "final_train_loss": 4.9728811346572144e-11,
    "final_val_loss": 0.005062452983111143,
    "best_val_loss": 0.005062452983111143,
    "best_step": 150,
    "test_loss": 0.005782039370387793
  },
  "scratch_test_loss": 0.01038617268204689,
  "transfer_test_loss": 0.005782039370387793,
  "scratch_target_cost": 24.0,
  "transfer_target_cost": 24.0,
  "transfer_total_cost": 408.0,
  "delta_test_loss": -0.004604133311659098,
  "relative_test_loss_ratio": 0.5567054917527404
}