{
  "problem_name": "problem_1a",
  "target_protocol_id": "protocol_3",
  "scratch": {
    "phase_name": "scratch_protocol_3",
    "n_train_samples": 8,
    "used_total_cost": 24.0,
    "used_target_cost": 24.0,
    "final_train_loss": 9.774792530947707e-09,
    "final_val_loss": 0.021145278587937355,
    "best_val_loss": 0.021145278587937355,
    "best_step": 75,
    "test_loss": 0.021808361634612083
  },
  "pretrain": {
    "phase_name": "pretrain_sources",
    "n_train_samples": 256,
    "used_total_cost": 384.0,
    "used_target_cost": 0.0,
    "final_train_loss": 2.1035228201071732e-05,
    "final_val_loss": null,
    "best_val_loss": null,
    "best_step": -1,
    "test_loss": null
  },
  "adapt_after_pretrain": {
    "phase_name": "adapt_protocol_3_after_pretrain",
    "n_train_samples": 8,
    "used_total_cost": 24.0,
    "used_target_cost": 24.0,
    "final_train_loss": 5.648105911859602e-07,
    "final_val_loss": 0.0024343691766262054,
    "best_val_loss": 0.0024343691766262054,
    "best_step": 50,
    "test_loss": 0.002087453380227089
  },
  "scratch_test_loss": 0.021808361634612083,
  "transfer_test_loss": 0.002087453380227089,
  "scratch_target_cost": 24.0,
  "transfer_target_cost": 24.0,
  "transfer_total_cost": 408.0,
  "delta_test_loss": -0.019720908254384995,
  "relative_test_loss_ratio": 0.09571802848839817
}