{
  "problem_name": "problem_1a",
  "target_protocol_id": "protocol_3",
  "scratch": {
    "phase_name": "scratch_protocol_3",
    "n_train_samples": 32,
    "used_total_cost": 96.0,
    "used_target_cost": 96.0,
    "final_train_loss": 1.3053508155280724e-05,
    "final_val_loss": 0.0003461834858171642,
    "best_val_loss": 0.0003461834858171642,
    "best_step": 500,
    "test_loss": 0.00042429330642335117
  },
  "pretrain": {
    "phase_name": "pretrain_sources",
    "n_train_samples": 256,
    "used_total_cost": 384.0,
    "used_target_cost": 0.0,
    "final_train_loss": 1.9468898244667798e-05,
    "final_val_loss": null,
    "best_val_loss": null,
    "best_step": -1,
    "test_loss": null
  },
  "adapt_after_pretrain": {
    "phase_name": "adapt_protocol_3_after_pretrain",
    "n_train_samples": 32,
    "used_total_cost": 96.0,
    "used_target_cost": 96.0,
    "final_train_loss": 7.36118272470776e-06,
    "final_val_loss": 0.000126073689898476,
    "best_val_loss": 0.000126073689898476,
    "best_step": 300,
    "test_loss": 0.00017104780999943614
  },
  "scratch_test_loss": 0.00042429330642335117,
  "transfer_test_loss": 0.00017104780999943614,
  "scratch_target_cost": 96.0,
  "transfer_target_cost": 96.0,
  "transfer_total_cost": 480.0,
  "delta_test_loss": -0.00025324549642391503,
  "relative_test_loss_ratio": 0.40313577284853075
}