{
  "problem_name": "problem_1a",
  "target_protocol_id": "protocol_3",
  "scratch": {
    "phase_name": "scratch_protocol_3",
    "n_train_samples": 16,
    "used_total_cost": 48.0,
    "used_target_cost": 48.0,
    "final_train_loss": 4.013106291722579e-08,
    "final_val_loss": 0.00022136460756883025,
    "best_val_loss": 0.00022136460756883025,
    "best_step": 500,
    "test_loss": 0.00018706568516790867
  },
  "pretrain": {
    "phase_name": "pretrain_sources",
    "n_train_samples": 256,
    "used_total_cost": 384.0,
    "used_target_cost": 0.0,
    "final_train_loss": 2.6077803340740502e-05,
    "final_val_loss": null,
    "best_val_loss": null,
    "best_step": -1,
    "test_loss": null
  },
  "adapt_after_pretrain": {
    "phase_name": "adapt_protocol_3_after_pretrain",
    "n_train_samples": 16,
    "used_total_cost": 48.0,
    "used_target_cost": 48.0,
    "final_train_loss": 7.630177606188226e-06,
    "final_val_loss": 0.0001363855553790927,
    "best_val_loss": 0.0001363855553790927,
    "best_step": 300,
    "test_loss": 0.00012149971735198051
  },
  "scratch_test_loss": 0.00018706568516790867,
  "transfer_test_loss": 0.00012149971735198051,
  "scratch_target_cost": 48.0,
  "transfer_target_cost": 48.0,
  "transfer_total_cost": 432.0,
  "delta_test_loss": -6.556596781592816e-05,
  "relative_test_loss_ratio": 0.6495029659925247
}