{
  "problem_name": "problem_1a",
  "target_protocol_id": "protocol_3",
  "scratch": {
    "phase_name": "scratch_protocol_3",
    "n_train_samples": 128,
    "used_total_cost": 384.0,
    "used_target_cost": 384.0,
    "final_train_loss": 6.545404175994918e-06,
    "final_val_loss": 2.4864588340278715e-05,
    "best_val_loss": 2.4864588340278715e-05,
    "best_step": 475,
    "test_loss": 3.303154153400101e-05
  },
  "pretrain": {
    "phase_name": "pretrain_sources",
    "n_train_samples": 256,
    "used_total_cost": 384.0,
    "used_target_cost": 0.0,
    "final_train_loss": 6.575806764885783e-05,
    "final_val_loss": null,
    "best_val_loss": null,
    "best_step": -1,
    "test_loss": null
  },
  "adapt_after_pretrain": {
    "phase_name": "adapt_protocol_3_after_pretrain",
    "n_train_samples": 128,
    "used_total_cost": 384.0,
    "used_target_cost": 384.0,
    "final_train_loss": 1.9660030375234783e-05,
    "final_val_loss": 5.180166772333905e-05,
    "best_val_loss": 5.180166772333905e-05,
    "best_step": 300,
    "test_loss": 7.311071385629475e-05
  },
  "scratch_test_loss": 3.303154153400101e-05,
  "transfer_test_loss": 7.311071385629475e-05,
  "scratch_target_cost": 384.0,
  "transfer_target_cost": 384.0,
  "transfer_total_cost": 768.0,
  "delta_test_loss": 4.0079172322293743e-05,
  "relative_test_loss_ratio": 2.213360638377663
}