{
  "problem_name": "problem_1a",
  "target_protocol_id": "protocol_3",
  "scratch": {
    "phase_name": "scratch_protocol_3",
    "n_train_samples": 64,
    "used_total_cost": 192.0,
    "used_target_cost": 192.0,
    "final_train_loss": 2.1437117538880557e-06,
    "final_val_loss": 0.00010771617235150188,
    "best_val_loss": 0.00010771617235150188,
    "best_step": 500,
    "test_loss": 4.05666942242533e-05
  },
  "pretrain": {
    "phase_name": "pretrain_sources",
    "n_train_samples": 256,
    "used_total_cost": 384.0,
    "used_target_cost": 0.0,
    "final_train_loss": 2.1035228201071732e-05,
    "final_val_loss": null,
    "best_val_loss": null,
    "best_step": -1,
    "test_loss": null
  },
  "adapt_after_pretrain": {
    "phase_name": "adapt_protocol_3_after_pretrain",
    "n_train_samples": 64,
    "used_total_cost": 192.0,
    "used_target_cost": 192.0,
    "final_train_loss": 9.166122254100628e-06,
    "final_val_loss": 6.022804882377386e-05,
    "best_val_loss": 6.022804882377386e-05,
    "best_step": 300,
    "test_loss": 3.0019473342690617e-05
  },
  "scratch_test_loss": 4.05666942242533e-05,
  "transfer_test_loss": 3.0019473342690617e-05,
  "scratch_target_cost": 192.0,
  "transfer_target_cost": 192.0,
  "transfer_total_cost": 576.0,
  "delta_test_loss": -1.054722088156268e-05,
  "relative_test_loss_ratio": 0.74000294864409
}