{
  "problem_name": "problem_1a",
  "target_protocol_id": "protocol_3",
  "scratch": {
    "phase_name": "scratch_protocol_3",
    "n_train_samples": 128,
    "used_total_cost": 384.0,
    "used_target_cost": 384.0,
    "final_train_loss": 6.9275365603971295e-06,
    "final_val_loss": 4.310088115744293e-05,
    "best_val_loss": 4.310088115744293e-05,
    "best_step": 500,
    "test_loss": 3.6808589356951416e-05
  },
  "pretrain": {
    "phase_name": "pretrain_sources",
    "n_train_samples": 256,
    "used_total_cost": 384.0,
    "used_target_cost": 0.0,
    "final_train_loss": 2.6077803340740502e-05,
    "final_val_loss": null,
    "best_val_loss": null,
    "best_step": -1,
    "test_loss": null
  },
  "adapt_after_pretrain": {
    "phase_name": "adapt_protocol_3_after_pretrain",
    "n_train_samples": 128,
    "used_total_cost": 384.0,
    "used_target_cost": 384.0,
    "final_train_loss": 1.7792855942388996e-05,
    "final_val_loss": 3.572417699615471e-05,
    "best_val_loss": 3.572417699615471e-05,
    "best_step": 300,
    "test_loss": 3.4582924854476005e-05
  },
  "scratch_test_loss": 3.6808589356951416e-05,
  "transfer_test_loss": 3.4582924854476005e-05,
  "scratch_target_cost": 384.0,
  "transfer_target_cost": 384.0,
  "transfer_total_cost": 768.0,
  "delta_test_loss": -2.2256645024754107e-06,
  "relative_test_loss_ratio": 0.9395340994762928
}