{
  "problem_name": "problem_1a",
  "target_protocol_id": "protocol_3",
  "scratch": {
    "phase_name": "scratch_protocol_3",
    "n_train_samples": 32,
    "used_total_cost": 96.0,
    "used_target_cost": 96.0,
    "final_train_loss": 2.811620561260497e-06,
    "final_val_loss": 0.0003579229523893446,
    "best_val_loss": 0.0003579229523893446,
    "best_step": 125,
    "test_loss": 0.00032845966052263975
  },
  "pretrain": {
    "phase_name": "pretrain_sources",
    "n_train_samples": 256,
    "used_total_cost": 384.0,
    "used_target_cost": 0.0,
    "final_train_loss": 2.1035228201071732e-05,
    "final_val_loss": null,
    "best_val_loss": null,
    "best_step": -1,
    "test_loss": null
  },
  "adapt_after_pretrain": {
    "phase_name": "adapt_protocol_3_after_pretrain",
    "n_train_samples": 32,
    "used_total_cost": 96.0,
    "used_target_cost": 96.0,
    "final_train_loss": 5.568609594774898e-06,
    "final_val_loss": 8.418960351264104e-05,
    "best_val_loss": 8.418960351264104e-05,
    "best_step": 300,
    "test_loss": 5.869383312528953e-05
  },
  "scratch_test_loss": 0.00032845966052263975,
  "transfer_test_loss": 5.869383312528953e-05,
  "scratch_target_cost": 96.0,
  "transfer_target_cost": 96.0,
  "transfer_total_cost": 480.0,
  "delta_test_loss": -0.0002697658273973502,
  "relative_test_loss_ratio": 0.17869419042781948
}