{
  "loss_curve": {
    "costs": [
      12.0,
      24.0,
      48.0,
      96.0,
      192.0,
      384.0
    ],
    "scratch_mean": [
      0.028294376470148562,
      0.01237431582994759,
      0.0007250536873470992,
      0.00022646254801657052,
      4.167504594079219e-05,
      3.2459486465086226e-05
    ],
    "scratch_std": [
      0.010470501428304177,
      0.00643153154874445,
      0.0003843267171930709,
      5.836528279289715e-05,
      8.486279294141198e-06,
      4.679033329796314e-06
    ],
    "transfer_mean": [
      0.01903304778970778,
      0.005606221233028919,
      0.000295380677562207,
      7.818388112355024e-05,
      5.764243469457142e-05,
      4.177470837021247e-05
    ],
    "transfer_std": [
      0.012819246301185194,
      0.006429847182900243,
      0.00018084099734429668,
      1.6715280769336432e-05,
      1.8889863249964084e-05,
      1.6148298171515045e-05
    ]
  },
  "threshold_costs": {
    "0.001": {
      "scratch": {
        "mean": 67.2,
        "std": 23.51510153071851,
        "values": [
          48.0,
          48.0,
          48.0,
          96.0,
          96.0
        ],
        "n_success": 5
      },
      "transfer": {
        "mean": 43.2,
        "std": 9.6,
        "values": [
          48.0,
          48.0,
          48.0,
          48.0,
          24.0
        ],
        "n_success": 5
      }
    },
    "0.0005": {
      "scratch": {
        "mean": 76.8,
        "std": 23.51510153071851,
        "values": [
          48.0,
          48.0,
          96.0,
          96.0,
          96.0
        ],
        "n_success": 5
      },
      "transfer": {
        "mean": 57.6,
        "std": 19.2,
        "values": [
          48.0,
          48.0,
          48.0,
          96.0,
          48.0
        ],
        "n_success": 5
      }
    },
    "0.0002": {
      "scratch": {
        "mean": 144.0,
        "std": 60.71573107523288,
        "values": [
          48.0,
          192.0,
          192.0,
          96.0,
          192.0
        ],
        "n_success": 5
      },
      "transfer": {
        "mean": 86.4,
        "std": 19.2,
        "values": [
          48.0,
          96.0,
          96.0,
          96.0,
          96.0
        ],
        "n_success": 5
      }
    },
    "0.0001": {
      "scratch": {
        "mean": 192.0,
        "std": 0.0,
        "values": [
          192.0,
          192.0,
          192.0,
          192.0,
          192.0
        ],
        "n_success": 5
      },
      "transfer": {
        "mean": 115.2,
        "std": 38.4,
        "values": [
          96.0,
          96.0,
          96.0,
          192.0,
          96.0
        ],
        "n_success": 5
      }
    }
  }
}