{
  "problem_name": "problem_1a",
  "target_protocol_id": "protocol_3",
  "scratch": {
    "phase_name": "scratch_protocol_3",
    "n_train_samples": 4,
    "used_total_cost": 12.0,
    "used_target_cost": 12.0,
    "final_train_loss": 3.021317918072697e-11,
    "final_val_loss": 0.02839014306664467,
    "best_val_loss": 0.02839014306664467,
    "best_step": 100,
    "test_loss": 0.03229423984885216
  },
  "pretrain": {
    "phase_name": "pretrain_sources",
    "n_train_samples": 256,
    "used_total_cost": 384.0,
    "used_target_cost": 0.0,
    "final_train_loss": 2.6077803340740502e-05,
    "final_val_loss": null,
    "best_val_loss": null,
    "best_step": -1,
    "test_loss": null
  },
  "adapt_after_pretrain": {
    "phase_name": "adapt_protocol_3_after_pretrain",
    "n_train_samples": 4,
    "used_total_cost": 12.0,
    "used_target_cost": 12.0,
    "final_train_loss": 5.46274137036562e-12,
    "final_val_loss": 0.024464182555675507,
    "best_val_loss": 0.024464182555675507,
    "best_step": 300,
    "test_loss": 0.029471611604094505
  },
  "scratch_test_loss": 0.03229423984885216,
  "transfer_test_loss": 0.029471611604094505,
  "scratch_target_cost": 12.0,
  "transfer_target_cost": 12.0,
  "transfer_total_cost": 396.0,
  "delta_test_loss": -0.0028226282447576523,
  "relative_test_loss_ratio": 0.9125965417372108
}