{
  "problem_name": "problem_1a",
  "target_protocol_id": "protocol_3",
  "scratch": {
    "phase_name": "scratch_protocol_3",
    "n_train_samples": 32,
    "used_total_cost": 96.0,
    "used_target_cost": 96.0,
    "final_train_loss": 4.384175724680972e-07,
    "final_val_loss": 0.00026549550238996744,
    "best_val_loss": 0.00026549550238996744,
    "best_step": 475,
    "test_loss": 0.00019389044609852135
  },
  "pretrain": {
    "phase_name": "pretrain_sources",
    "n_train_samples": 256,
    "used_total_cost": 384.0,
    "used_target_cost": 0.0,
    "final_train_loss": 6.575806764885783e-05,
    "final_val_loss": null,
    "best_val_loss": null,
    "best_step": -1,
    "test_loss": null
  },
  "adapt_after_pretrain": {
    "phase_name": "adapt_protocol_3_after_pretrain",
    "n_train_samples": 32,
    "used_total_cost": 96.0,
    "used_target_cost": 96.0,
    "final_train_loss": 6.480502179329051e-06,
    "final_val_loss": 9.734468767419457e-05,
    "best_val_loss": 9.734468767419457e-05,
    "best_step": 300,
    "test_loss": 0.00010357725841458887
  },
  "scratch_test_loss": 0.00019389044609852135,
  "transfer_test_loss": 0.00010357725841458887,
  "scratch_target_cost": 96.0,
  "transfer_target_cost": 96.0,
  "transfer_total_cost": 480.0,
  "delta_test_loss": -9.031318768393248e-05,
  "relative_test_loss_ratio": 0.5342050652766989
}